"Time","Carolus Parkhaus","Carolus Saunawelt","Carolus Thermalbad"
2025-02-03 17:00:00,64%,39%,32%
2025-02-03 19:00:00,59%,40%,30%
2025-02-03 21:00:00,47%,30%,33%
2025-02-03 23:00:00,15%,0%,8%
2025-02-04 01:00:00,6%,0%,0%
2025-02-04 03:00:00,6%,0%,0%
2025-02-04 05:00:00,7%,0%,0%
2025-02-04 07:00:00,12%,0%,0%
2025-02-04 09:00:00,21%,0%,0%
2025-02-04 11:00:00,60%,23%,30%
2025-02-04 13:00:00,75%,37%,38%
2025-02-04 15:00:00,62%,41%,33%
2025-02-04 17:00:00,51%,48%,29%
2025-02-04 19:00:00,56%,61%,31%
2025-02-04 21:00:00,51%,40%,44%
2025-02-04 23:00:00,11%,0%,4%
2025-02-05 01:00:00,6%,0%,1%
2025-02-05 03:00:00,6%,0%,1%
2025-02-05 05:00:00,7%,0%,0%
2025-02-05 07:00:00,12%,0%,0%
2025-02-05 09:00:00,19%,0%,0%
2025-02-05 11:00:00,69%,21%,39%
2025-02-05 13:00:00,86%,37%,37%
2025-02-05 15:00:00,77%,40%,31%
2025-02-05 17:00:00,69%,41%,37%
2025-02-05 19:00:00,70%,40%,46%
2025-02-05 21:00:00,50%,29%,36%
2025-02-05 23:00:00,10%,0%,1%
2025-02-06 01:00:00,6%,0%,1%
2025-02-06 03:00:00,6%,0%,1%
2025-02-06 05:00:00,7%,0%,0%
2025-02-06 07:00:00,13%,0%,0%
2025-02-06 09:00:00,21%,0%,0%
2025-02-06 11:00:00,63%,18%,27%
2025-02-06 13:00:00,83%,37%,37%
2025-02-06 15:00:00,76%,36%,33%
2025-02-06 17:00:00,60%,39%,35%
2025-02-06 19:00:00,75%,40%,39%
2025-02-06 21:00:00,71%,26%,44%
2025-02-06 23:00:00,18%,0%,10%
2025-02-07 01:00:00,6%,0%,1%
2025-02-07 03:00:00,6%,0%,1%
2025-02-07 05:00:00,7%,0%,0%
2025-02-07 07:00:00,12%,0%,0%
2025-02-07 09:00:00,20%,0%,0%
2025-02-07 11:00:00,62%,20%,25%
2025-02-07 13:00:00,83%,39%,46%
2025-02-07 15:00:00,82%,58%,39%
2025-02-07 17:00:00,80%,55%,48%
2025-02-07 19:00:00,82%,57%,50%
2025-02-07 21:00:00,85%,50%,60%
2025-02-07 23:00:00,14%,0%,5%
2025-02-08 01:00:00,6%,0%,0%
2025-02-08 03:00:00,6%,0%,0%
2025-02-08 05:00:00,8%,0%,0%
2025-02-08 07:00:00,7%,0%,0%
2025-02-08 09:00:00,12%,0%,0%
2025-02-08 11:00:00,50%,26%,34%
2025-02-08 13:00:00,79%,59%,56%
2025-02-08 15:00:00,98%,87%,69%
2025-02-08 17:00:00,96%,92%,69%
2025-02-08 19:00:00,99%,85%,70%
2025-02-08 21:00:00,72%,51%,67%
2025-02-08 23:00:00,12%,0%,1%
2025-02-09 01:00:00,4%,0%,0%
2025-02-09 03:00:00,4%,0%,0%
2025-02-09 05:00:00,6%,0%,0%
2025-02-09 07:00:00,9%,0%,0%
2025-02-09 09:00:00,12%,0%,0%
2025-02-09 11:00:00,47%,20%,30%
2025-02-09 13:00:00,79%,62%,52%
2025-02-09 15:00:00,100%,71%,68%
2025-02-09 17:00:00,95%,65%,74%
2025-02-09 19:00:00,87%,52%,68%
2025-02-09 21:00:00,63%,34%,51%
2025-02-09 23:00:00,16%,0%,10%
2025-02-10 01:00:00,4%,0%,1%
2025-02-10 03:00:00,4%,0%,1%
2025-02-10 05:00:00,4%,0%,0%
2025-02-10 07:00:00,8%,0%,0%
2025-02-10 09:00:00,14%,0%,0%
2025-02-10 11:00:00,55%,18%,27%
2025-02-10 13:00:00,76%,42%,35%
2025-02-10 15:00:00,73%,40%,32%
2025-02-10 17:00:00,61%,31%,41%
2025-02-10 19:00:00,64%,34%,37%
2025-02-10 21:00:00,53%,26%,41%
2025-02-10 23:00:00,7%,0%,1%
2025-02-11 01:00:00,5%,0%,1%
2025-02-11 03:00:00,6%,0%,1%
2025-02-11 05:00:00,6%,0%,0%
2025-02-11 07:00:00,12%,0%,0%
2025-02-11 09:00:00,17%,0%,0%
2025-02-11 11:00:00,61%,23%,31%
2025-02-11 13:00:00,79%,51%,37%
2025-02-11 15:00:00,71%,65%,29%
2025-02-11 17:00:00,57%,58%,32%
2025-02-11 19:00:00,56%,63%,37%
2025-02-11 21:00:00,53%,40%,41%
2025-02-11 23:00:00,10%,0%,2%
2025-02-12 01:00:00,6%,0%,0%
2025-02-12 03:00:00,6%,0%,0%
2025-02-12 05:00:00,6%,0%,0%
2025-02-12 07:00:00,11%,0%,0%
2025-02-12 09:00:00,18%,0%,0%
2025-02-12 11:00:00,58%,24%,27%
2025-02-12 13:00:00,82%,40%,38%
2025-02-12 15:00:00,80%,42%,37%
2025-02-12 17:00:00,61%,40%,29%
2025-02-12 19:00:00,66%,41%,33%
2025-02-12 21:00:00,54%,25%,38%
2025-02-12 23:00:00,15%,0%,7%
2025-02-13 01:00:00,6%,0%,0%
2025-02-13 03:00:00,6%,0%,0%
2025-02-13 05:00:00,6%,0%,0%
2025-02-13 07:00:00,10%,0%,0%
2025-02-13 09:00:00,16%,0%,0%
2025-02-13 11:00:00,58%,21%,22%
2025-02-13 13:00:00,82%,36%,42%
2025-02-13 15:00:00,81%,39%,43%
2025-02-13 17:00:00,67%,38%,39%
2025-02-13 19:00:00,70%,42%,39%
2025-02-13 21:00:00,56%,33%,33%
2025-02-13 23:00:00,15%,0%,8%
2025-02-14 01:00:00,6%,0%,1%
2025-02-14 03:00:00,6%,0%,1%
2025-02-14 05:00:00,7%,0%,0%
2025-02-14 07:00:00,10%,0%,0%
2025-02-14 09:00:00,16%,0%,0%
2025-02-14 11:00:00,80%,37%,36%
2025-02-14 13:00:00,99%,67%,49%
2025-02-14 15:00:00,98%,70%,54%
2025-02-14 17:00:00,98%,65%,63%
2025-02-14 19:00:00,99%,65%,74%
2025-02-14 21:00:00,88%,52%,69%
2025-02-14 23:00:00,18%,0%,7%
2025-02-15 01:00:00,9%,0%,0%
2025-02-15 03:00:00,9%,0%,0%
2025-02-15 05:00:00,10%,0%,0%
2025-02-15 07:00:00,12%,0%,0%
2025-02-15 09:00:00,16%,0%,0%
2025-02-15 11:00:00,61%,29%,34%
2025-02-15 13:00:00,94%,60%,63%
2025-02-15 15:00:00,100%,90%,84%
2025-02-15 17:00:00,100%,97%,97%
2025-02-15 19:00:00,97%,79%,89%
2025-02-15 21:00:00,78%,54%,70%
2025-02-15 23:00:00,16%,1%,5%
2025-02-16 01:00:00,8%,0%,0%
2025-02-16 03:00:00,8%,0%,0%
2025-02-16 05:00:00,9%,0%,0%
2025-02-16 07:00:00,10%,0%,0%
2025-02-16 09:00:00,13%,0%,0%
2025-02-16 11:00:00,52%,31%,31%
2025-02-16 13:00:00,94%,58%,64%
2025-02-16 15:00:00,97%,84%,79%
2025-02-16 17:00:00,91%,80%,76%
2025-02-16 19:00:00,80%,59%,62%
2025-02-16 21:00:00,65%,27%,51%
2025-02-16 23:00:00,18%,0%,8%
2025-02-17 01:00:00,7%,0%,0%
2025-02-17 03:00:00,7%,0%,0%
2025-02-17 05:00:00,8%,0%,0%
2025-02-17 07:00:00,14%,0%,0%
2025-02-17 09:00:00,24%,0%,0%
2025-02-17 11:00:00,69%,27%,32%
2025-02-17 13:00:00,81%,48%,39%
2025-02-17 15:00:00,82%,57%,34%
2025-02-17 17:00:00,65%,50%,33%
2025-02-17 19:00:00,71%,49%,32%
2025-02-17 21:00:00,64%,42%,34%
2025-02-17 23:00:00,12%,0%,2%
2025-02-18 01:00:00,9%,0%,0%
2025-02-18 03:00:00,6%,0%,0%
2025-02-18 05:00:00,8%,0%,0%
2025-02-18 07:00:00,13%,0%,0%
2025-02-18 09:00:00,22%,0%,0%
2025-02-18 11:00:00,55%,21%,23%
2025-02-18 13:00:00,72%,42%,36%
2025-02-18 15:00:00,63%,52%,29%
2025-02-18 17:00:00,55%,50%,34%
2025-02-18 19:00:00,58%,65%,40%
2025-02-18 21:00:00,53%,44%,53%
2025-02-18 23:00:00,12%,0%,4%
2025-02-19 01:00:00,7%,0%,0%
2025-02-19 03:00:00,7%,0%,0%
2025-02-19 05:00:00,8%,0%,0%
2025-02-19 07:00:00,13%,0%,0%
2025-02-19 09:00:00,23%,0%,0%
2025-02-19 11:00:00,59%,17%,30%
2025-02-19 13:00:00,79%,35%,39%
2025-02-19 15:00:00,77%,50%,32%
2025-02-19 17:00:00,59%,37%,32%
2025-02-19 19:00:00,62%,31%,37%
2025-02-19 21:00:00,54%,22%,36%
2025-02-19 23:00:00,14%,0%,7%
2025-02-20 01:00:00,7%,0%,0%
2025-02-20 03:00:00,7%,0%,0%
2025-02-20 05:00:00,8%,0%,0%
2025-02-20 07:00:00,12%,0%,0%
2025-02-20 09:00:00,18%,0%,0%
2025-02-20 11:00:00,58%,22%,28%
2025-02-20 13:00:00,79%,37%,42%
2025-02-20 15:00:00,79%,44%,37%
2025-02-20 17:00:00,62%,41%,33%
2025-02-20 19:00:00,57%,42%,38%
2025-02-20 21:00:00,47%,29%,33%
2025-02-20 23:00:00,11%,0%,0%
2025-02-21 01:00:00,7%,0%,0%
2025-02-21 03:00:00,7%,0%,0%
2025-02-21 05:00:00,9%,0%,0%
2025-02-21 07:00:00,16%,0%,0%
2025-02-21 09:00:00,21%,0%,0%
2025-02-21 11:00:00,62%,23%,33%
2025-02-21 13:00:00,73%,43%,36%
2025-02-21 15:00:00,76%,49%,37%
2025-02-21 17:00:00,74%,49%,46%
2025-02-21 19:00:00,70%,46%,51%
2025-02-21 21:00:00,62%,33%,55%
2025-02-21 23:00:00,13%,0%,4%
2025-02-22 01:00:00,6%,0%,1%
2025-02-22 03:00:00,6%,0%,1%
2025-02-22 05:00:00,8%,0%,0%
2025-02-22 07:00:00,10%,0%,0%
2025-02-22 09:00:00,13%,0%,0%
2025-02-22 11:00:00,49%,22%,30%
2025-02-22 13:00:00,79%,48%,54%
2025-02-22 15:00:00,96%,68%,52%
2025-02-22 17:00:00,98%,72%,72%
2025-02-22 19:00:00,96%,61%,78%
2025-02-22 21:00:00,79%,37%,68%
2025-02-22 23:00:00,21%,0%,14%
2025-02-23 01:00:00,10%,0%,0%
2025-02-23 03:00:00,6%,0%,0%
2025-02-23 05:00:00,7%,0%,0%
2025-02-23 07:00:00,8%,0%,0%
2025-02-23 09:00:00,9%,0%,0%
2025-02-23 11:00:00,43%,19%,36%
2025-02-23 13:00:00,68%,49%,52%
2025-02-23 15:00:00,78%,57%,58%
2025-02-23 17:00:00,72%,49%,60%
2025-02-23 19:00:00,57%,36%,41%
2025-02-23 21:00:00,33%,20%,29%
2025-02-23 23:00:00,9%,0%,3%
2025-02-24 01:00:00,6%,0%,0%
2025-02-24 03:00:00,6%,0%,0%
2025-02-24 05:00:00,7%,0%,0%
2025-02-24 07:00:00,12%,0%,0%
2025-02-24 09:00:00,22%,0%,0%
2025-02-24 11:00:00,64%,27%,32%
2025-02-24 13:00:00,79%,41%,44%
2025-02-24 15:00:00,81%,50%,45%
2025-02-24 17:00:00,64%,48%,40%
2025-02-24 19:00:00,54%,36%,41%
2025-02-24 21:00:00,42%,25%,36%
2025-02-24 23:00:00,9%,0%,1%
2025-02-25 01:00:00,6%,0%,0%
2025-02-25 03:00:00,6%,0%,0%
2025-02-25 05:00:00,7%,0%,0%
2025-02-25 07:00:00,14%,0%,0%
2025-02-25 09:00:00,25%,0%,0%
2025-02-25 11:00:00,63%,17%,34%
2025-02-25 13:00:00,73%,39%,41%
2025-02-25 15:00:00,70%,46%,33%
2025-02-25 17:00:00,59%,53%,32%
2025-02-25 19:00:00,61%,56%,37%
2025-02-25 21:00:00,49%,34%,45%
2025-02-25 23:00:00,11%,1%,10%
2025-02-26 01:00:00,6%,0%,0%
2025-02-26 03:00:00,6%,0%,0%
2025-02-26 05:00:00,6%,0%,0%
2025-02-26 07:00:00,14%,0%,0%
2025-02-26 09:00:00,20%,0%,0%
2025-02-26 11:00:00,61%,23%,27%
2025-02-26 13:00:00,79%,34%,39%
2025-02-26 15:00:00,73%,37%,32%
2025-02-26 17:00:00,64%,35%,37%
2025-02-26 19:00:00,56%,30%,35%
2025-02-26 21:00:00,49%,24%,34%
2025-02-26 23:00:00,12%,0%,4%
2025-02-27 01:00:00,6%,0%,0%
2025-02-27 03:00:00,6%,0%,0%
2025-02-27 05:00:00,6%,0%,0%
2025-02-27 07:00:00,12%,0%,0%
2025-02-27 09:00:00,24%,0%,0%
2025-02-27 11:00:00,59%,20%,23%
2025-02-27 13:00:00,81%,40%,43%
2025-02-27 15:00:00,92%,51%,48%
2025-02-27 17:00:00,79%,52%,45%
2025-02-27 19:00:00,76%,50%,43%
2025-02-27 21:00:00,53%,25%,37%
2025-02-27 23:00:00,12%,0%,1%
2025-02-28 01:00:00,6%,0%,1%
2025-02-28 03:00:00,6%,0%,1%
2025-02-28 05:00:00,7%,0%,0%
2025-02-28 07:00:00,11%,0%,0%
2025-02-28 09:00:00,18%,0%,0%
2025-02-28 11:00:00,66%,30%,38%
2025-02-28 13:00:00,89%,56%,46%
2025-02-28 15:00:00,92%,73%,47%
2025-02-28 17:00:00,91%,60%,61%
2025-02-28 19:00:00,76%,54%,54%
2025-02-28 21:00:00,64%,46%,45%
2025-02-28 23:00:00,12%,0%,2%
2025-03-01 01:00:00,6%,0%,0%
2025-03-01 03:00:00,6%,0%,0%
2025-03-01 05:00:00,7%,0%,0%
2025-03-01 07:00:00,9%,0%,0%
2025-03-01 09:00:00,12%,0%,0%
2025-03-01 11:00:00,42%,20%,27%
2025-03-01 13:00:00,71%,63%,42%
2025-03-01 15:00:00,92%,78%,61%
2025-03-01 17:00:00,99%,82%,79%
2025-03-01 19:00:00,78%,68%,67%
2025-03-01 21:00:00,69%,48%,60%
2025-03-01 23:00:00,24%,0%,19%
2025-03-02 01:00:00,6%,0%,0%
2025-03-02 03:00:00,6%,0%,0%
2025-03-02 05:00:00,7%,0%,0%
2025-03-02 07:00:00,9%,0%,0%
2025-03-02 09:00:00,9%,0%,0%
2025-03-02 11:00:00,47%,18%,31%
2025-03-02 13:00:00,81%,51%,59%
2025-03-02 15:00:00,94%,62%,69%
2025-03-02 17:00:00,84%,56%,58%
2025-03-02 19:00:00,72%,49%,55%
2025-03-02 21:00:00,47%,21%,42%
2025-03-02 23:00:00,12%,0%,2%
2025-03-03 01:00:00,6%,0%,0%
2025-03-03 03:00:00,6%,0%,0%
2025-03-03 05:00:00,6%,0%,0%
2025-03-03 07:00:00,9%,0%,0%
2025-03-03 09:00:00,16%,0%,0%
2025-03-03 11:00:00,66%,35%,32%
2025-03-03 13:00:00,99%,59%,62%
2025-03-03 15:00:00,99%,72%,63%
2025-03-03 17:00:00,82%,64%,54%
2025-03-03 19:00:00,66%,47%,47%
2025-03-03 21:00:00,41%,20%,33%
2025-03-03 23:00:00,10%,0%,1%
2025-03-04 01:00:00,6%,0%,1%
2025-03-04 03:00:00,6%,0%,1%
2025-03-04 05:00:00,6%,0%,0%
2025-03-04 07:00:00,9%,0%,0%
2025-03-04 09:00:00,15%,0%,0%
2025-03-04 11:00:00,62%,32%,32%
2025-03-04 13:00:00,82%,59%,47%
2025-03-04 15:00:00,90%,78%,54%
2025-03-04 17:00:00,70%,70%,45%
2025-03-04 19:00:00,67%,63%,43%
2025-03-04 21:00:00,47%,41%,35%
2025-03-04 23:00:00,13%,0%,10%
2025-03-05 01:00:00,6%,0%,0%
2025-03-05 03:00:00,6%,0%,0%
2025-03-05 05:00:00,7%,0%,0%
2025-03-05 07:00:00,11%,0%,0%
2025-03-05 09:00:00,17%,0%,0%
2025-03-05 11:00:00,56%,15%,31%
2025-03-05 13:00:00,73%,41%,36%
2025-03-05 15:00:00,68%,43%,35%
2025-03-05 17:00:00,53%,37%,28%
2025-03-05 19:00:00,45%,31%,28%
2025-03-05 21:00:00,39%,21%,21%
2025-03-05 23:00:00,10%,0%,1%
2025-03-06 01:00:00,6%,0%,0%
2025-03-06 03:00:00,6%,0%,0%
2025-03-06 05:00:00,7%,0%,0%
2025-03-06 07:00:00,11%,0%,0%
2025-03-06 09:00:00,18%,0%,0%
2025-03-06 11:00:00,61%,25%,26%
2025-03-06 13:00:00,80%,41%,36%
2025-03-06 15:00:00,81%,43%,41%
2025-03-06 17:00:00,65%,39%,38%
2025-03-06 19:00:00,63%,35%,40%
2025-03-06 21:00:00,45%,23%,29%
2025-03-06 23:00:00,9%,0%,3%
2025-03-07 01:00:00,6%,0%,0%
2025-03-07 03:00:00,6%,0%,0%
2025-03-07 05:00:00,7%,0%,0%
2025-03-07 07:00:00,11%,0%,0%
2025-03-07 09:00:00,21%,0%,0%
2025-03-07 11:00:00,59%,21%,29%
2025-03-07 13:00:00,69%,34%,40%
2025-03-07 15:00:00,74%,44%,44%
2025-03-07 17:00:00,69%,47%,43%
2025-03-07 19:00:00,74%,54%,43%
2025-03-07 21:00:00,62%,46%,41%
2025-03-07 23:00:00,16%,0%,13%
2025-03-08 01:00:00,3%,0%,1%
2025-03-08 03:00:00,3%,0%,1%
2025-03-08 05:00:00,5%,0%,0%
2025-03-08 07:00:00,6%,0%,0%
2025-03-08 09:00:00,7%,0%,0%
2025-03-08 11:00:00,34%,19%,23%
2025-03-08 13:00:00,64%,38%,44%
2025-03-08 15:00:00,84%,47%,61%
2025-03-08 17:00:00,79%,64%,56%
2025-03-08 19:00:00,71%,61%,44%
2025-03-08 21:00:00,59%,39%,49%
2025-03-08 23:00:00,18%,1%,16%
2025-03-09 01:00:00,3%,0%,2%
2025-03-09 03:00:00,3%,0%,2%
2025-03-09 05:00:00,4%,0%,0%
2025-03-09 07:00:00,5%,0%,0%
2025-03-09 09:00:00,8%,0%,0%
2025-03-09 11:00:00,38%,12%,29%
2025-03-09 13:00:00,53%,31%,41%
2025-03-09 15:00:00,64%,37%,47%
2025-03-09 17:00:00,55%,38%,39%
2025-03-09 19:00:00,34%,29%,25%
2025-03-09 21:00:00,29%,20%,19%
2025-03-09 23:00:00,6%,0%,0%
2025-03-10 01:00:00,3%,0%,0%
2025-03-10 03:00:00,3%,0%,0%
2025-03-10 05:00:00,4%,0%,0%
2025-03-10 07:00:00,9%,0%,0%
2025-03-10 09:00:00,13%,0%,0%
2025-03-10 11:00:00,43%,15%,25%
2025-03-10 13:00:00,55%,32%,29%
2025-03-10 15:00:00,48%,31%,23%
2025-03-10 17:00:00,38%,25%,23%
2025-03-10 19:00:00,37%,25%,23%
2025-03-10 21:00:00,32%,19%,25%
2025-03-10 23:00:00,5%,0%,1%
2025-03-11 01:00:00,3%,0%,1%
2025-03-11 03:00:00,3%,0%,1%
2025-03-11 05:00:00,4%,0%,0%
2025-03-11 07:00:00,9%,0%,0%
2025-03-11 09:00:00,14%,0%,0%
2025-03-11 11:00:00,46%,19%,21%
2025-03-11 13:00:00,53%,29%,29%
2025-03-11 15:00:00,50%,36%,24%
2025-03-11 17:00:00,42%,39%,24%
2025-03-11 19:00:00,41%,43%,23%
2025-03-11 21:00:00,34%,23%,34%
2025-03-11 23:00:00,9%,0%,8%
2025-03-12 01:00:00,3%,0%,0%
2025-03-12 03:00:00,3%,0%,0%
2025-03-12 05:00:00,3%,0%,0%
2025-03-12 07:00:00,9%,0%,0%
2025-03-12 09:00:00,15%,0%,0%
2025-03-12 11:00:00,53%,16%,25%
2025-03-12 13:00:00,66%,30%,27%
2025-03-12 15:00:00,57%,33%,24%
2025-03-12 17:00:00,46%,31%,24%
2025-03-12 19:00:00,49%,34%,24%
2025-03-12 21:00:00,38%,26%,21%
2025-03-12 23:00:00,6%,0%,0%
2025-03-13 01:00:00,3%,0%,0%
2025-03-13 03:00:00,3%,0%,0%
2025-03-13 05:00:00,4%,0%,0%
2025-03-13 07:00:00,9%,0%,0%
2025-03-13 09:00:00,16%,0%,0%
2025-03-13 11:00:00,57%,21%,28%
2025-03-13 13:00:00,67%,33%,31%
2025-03-13 15:00:00,62%,34%,25%
2025-03-13 17:00:00,55%,34%,23%
2025-03-13 19:00:00,47%,32%,29%
2025-03-13 21:00:00,41%,19%,23%
2025-03-13 23:00:00,5%,0%,0%
2025-03-14 01:00:00,3%,0%,0%
2025-03-14 03:00:00,3%,0%,0%
2025-03-14 05:00:00,4%,0%,0%
2025-03-14 07:00:00,10%,0%,0%
2025-03-14 09:00:00,18%,0%,0%
2025-03-14 11:00:00,57%,20%,26%
2025-03-14 13:00:00,57%,29%,30%
2025-03-14 15:00:00,58%,36%,30%
2025-03-14 17:00:00,56%,38%,29%
2025-03-14 19:00:00,64%,46%,32%
2025-03-14 21:00:00,62%,35%,46%
2025-03-14 23:00:00,12%,0%,8%
2025-03-15 01:00:00,2%,0%,0%
2025-03-15 03:00:00,2%,0%,0%
2025-03-15 05:00:00,3%,0%,0%
2025-03-15 07:00:00,6%,0%,0%
2025-03-15 09:00:00,6%,0%,0%
2025-03-15 11:00:00,36%,16%,28%
2025-03-15 13:00:00,69%,40%,44%
2025-03-15 15:00:00,86%,62%,62%
2025-03-15 17:00:00,91%,73%,63%
2025-03-15 19:00:00,88%,64%,67%
2025-03-15 21:00:00,100%,59%,60%
2025-03-15 23:00:00,100%,59%,60%
2025-03-16 01:00:00,5%,0%,2%
2025-03-16 03:00:00,5%,0%,2%
2025-03-16 05:00:00,7%,0%,0%
2025-03-16 07:00:00,9%,0%,0%
2025-03-16 09:00:00,11%,0%,0%
2025-03-16 11:00:00,42%,20%,33%
2025-03-16 13:00:00,68%,37%,51%
2025-03-16 15:00:00,75%,56%,53%
2025-03-16 17:00:00,73%,55%,49%
2025-03-16 19:00:00,60%,41%,38%
2025-03-16 21:00:00,47%,20%,32%
2025-03-16 23:00:00,10%,0%,2%
2025-03-17 01:00:00,6%,0%,0%
2025-03-17 03:00:00,6%,0%,0%
2025-03-17 05:00:00,7%,0%,0%
2025-03-17 07:00:00,12%,0%,0%
2025-03-17 09:00:00,21%,0%,0%
2025-03-17 11:00:00,61%,24%,29%
2025-03-17 13:00:00,79%,45%,35%
2025-03-17 15:00:00,68%,45%,30%
2025-03-17 17:00:00,47%,40%,25%
2025-03-17 19:00:00,48%,40%,25%
2025-03-17 21:00:00,41%,31%,25%
2025-03-17 23:00:00,10%,0%,5%
2025-03-18 01:00:00,5%,0%,0%
2025-03-18 03:00:00,5%,0%,0%
2025-03-18 05:00:00,6%,0%,0%
2025-03-18 07:00:00,11%,0%,0%
2025-03-18 09:00:00,20%,0%,0%
2025-03-18 11:00:00,48%,25%,26%
2025-03-18 13:00:00,61%,38%,39%
2025-03-18 15:00:00,54%,44%,26%
2025-03-18 17:00:00,49%,51%,28%
2025-03-18 19:00:00,54%,56%,34%
2025-03-18 21:00:00,51%,48%,39%
2025-03-18 23:00:00,18%,0%,15%
2025-03-19 01:00:00,6%,0%,0%
2025-03-19 03:00:00,6%,0%,0%
2025-03-19 05:00:00,7%,0%,0%
2025-03-19 07:00:00,11%,0%,0%
2025-03-19 09:00:00,16%,0%,0%
2025-03-19 11:00:00,57%,20%,23%
2025-03-19 13:00:00,65%,36%,23%
2025-03-19 15:00:00,63%,34%,24%
2025-03-19 17:00:00,53%,36%,24%
2025-03-19 19:00:00,45%,32%,20%
2025-03-19 21:00:00,32%,21%,17%
2025-03-19 23:00:00,7%,0%,0%
2025-03-20 01:00:00,6%,0%,0%
2025-03-20 03:00:00,6%,0%,0%
2025-03-20 05:00:00,7%,0%,0%
2025-03-20 07:00:00,11%,0%,0%
2025-03-20 09:00:00,21%,0%,0%
2025-03-20 11:00:00,53%,20%,24%
2025-03-20 13:00:00,62%,30%,27%
2025-03-20 15:00:00,59%,33%,25%
2025-03-20 17:00:00,50%,32%,24%
2025-03-20 19:00:00,40%,33%,23%
2025-03-20 21:00:00,35%,21%,24%
2025-03-20 23:00:00,8%,0%,1%
2025-03-21 01:00:00,6%,0%,0%
2025-03-21 03:00:00,6%,0%,0%
2025-03-21 05:00:00,7%,0%,0%
2025-03-21 07:00:00,12%,0%,0%
2025-03-21 09:00:00,17%,0%,0%
2025-03-21 11:00:00,59%,25%,33%
2025-03-21 13:00:00,68%,42%,35%
2025-03-21 15:00:00,65%,41%,34%
2025-03-21 17:00:00,52%,40%,28%
2025-03-21 19:00:00,55%,34%,35%
2025-03-21 21:00:00,51%,29%,34%
2025-03-21 23:00:00,15%,0%,6%
2025-03-22 01:00:00,6%,0%,0%
2025-03-22 03:00:00,6%,0%,0%
2025-03-22 05:00:00,7%,0%,0%
2025-03-22 07:00:00,7%,0%,0%
2025-03-22 09:00:00,11%,0%,0%
2025-03-22 11:00:00,38%,16%,24%
2025-03-22 13:00:00,70%,46%,44%
2025-03-22 15:00:00,83%,63%,47%
2025-03-22 17:00:00,86%,67%,55%
2025-03-22 19:00:00,82%,63%,56%
2025-03-22 21:00:00,64%,41%,43%
2025-03-22 23:00:00,9%,0%,3%
2025-03-23 01:00:00,4%,0%,0%
2025-03-23 03:00:00,4%,0%,0%
2025-03-23 05:00:00,6%,0%,0%
2025-03-23 07:00:00,8%,0%,0%
2025-03-23 09:00:00,14%,0%,0%
2025-03-23 11:00:00,44%,23%,28%
2025-03-23 13:00:00,67%,44%,49%
2025-03-23 15:00:00,85%,61%,64%
2025-03-23 17:00:00,74%,60%,49%
2025-03-23 19:00:00,55%,41%,32%
2025-03-23 21:00:00,34%,20%,23%
2025-03-23 23:00:00,7%,0%,0%
2025-03-24 01:00:00,4%,0%,0%
2025-03-24 03:00:00,4%,0%,0%
2025-03-24 05:00:00,6%,0%,0%
2025-03-24 07:00:00,11%,0%,0%
2025-03-24 09:00:00,19%,0%,0%
2025-03-24 11:00:00,62%,26%,30%
2025-03-24 13:00:00,72%,45%,37%
2025-03-24 15:00:00,68%,35%,32%
2025-03-24 17:00:00,56%,31%,30%
2025-03-24 19:00:00,48%,32%,26%
2025-03-24 21:00:00,40%,22%,25%
2025-03-24 23:00:00,10%,0%,3%
2025-03-25 01:00:00,6%,0%,0%
2025-03-25 03:00:00,6%,0%,0%
2025-03-25 05:00:00,6%,0%,0%
2025-03-25 07:00:00,12%,0%,0%
2025-03-25 09:00:00,19%,0%,0%
2025-03-25 11:00:00,48%,22%,18%
2025-03-25 13:00:00,64%,45%,31%
2025-03-25 15:00:00,65%,55%,32%
2025-03-25 17:00:00,50%,57%,34%
2025-03-25 19:00:00,45%,52%,39%
2025-03-25 21:00:00,40%,40%,32%
2025-03-25 23:00:00,7%,0%,4%
2025-03-26 01:00:00,3%,0%,1%
2025-03-26 03:00:00,3%,0%,1%
2025-03-26 05:00:00,5%,0%,0%
2025-03-26 07:00:00,11%,0%,0%
2025-03-26 09:00:00,19%,0%,0%
2025-03-26 11:00:00,63%,23%,31%
2025-03-26 13:00:00,72%,37%,32%
2025-03-26 15:00:00,68%,41%,29%
2025-03-26 17:00:00,60%,40%,32%
2025-03-26 19:00:00,58%,40%,28%
2025-03-26 21:00:00,43%,21%,31%
2025-03-26 23:00:00,6%,0%,2%
2025-03-27 01:00:00,3%,0%,0%
2025-03-27 03:00:00,3%,0%,0%
2025-03-27 05:00:00,4%,0%,0%
2025-03-27 07:00:00,9%,0%,0%
2025-03-27 09:00:00,18%,0%,0%
2025-03-27 11:00:00,61%,20%,31%
2025-03-27 13:00:00,69%,33%,36%
2025-03-27 15:00:00,67%,37%,35%
2025-03-27 17:00:00,55%,41%,31%
2025-03-27 19:00:00,53%,42%,25%
2025-03-27 21:00:00,42%,26%,26%
2025-03-27 23:00:00,6%,0%,2%
2025-03-28 01:00:00,3%,0%,0%
2025-03-28 03:00:00,3%,0%,0%
2025-03-28 05:00:00,3%,0%,0%
2025-03-28 07:00:00,9%,0%,0%
2025-03-28 09:00:00,16%,0%,0%
2025-03-28 11:00:00,55%,23%,27%
2025-03-28 13:00:00,66%,36%,32%
2025-03-28 15:00:00,59%,37%,29%
2025-03-28 17:00:00,62%,41%,34%
2025-03-28 19:00:00,70%,42%,41%
2025-03-28 21:00:00,60%,34%,45%
2025-03-28 23:00:00,17%,0%,11%
2025-03-29 01:00:00,3%,0%,0%
2025-03-29 03:00:00,3%,0%,0%
2025-03-29 05:00:00,5%,0%,0%
2025-03-29 07:00:00,6%,0%,0%
2025-03-29 09:00:00,10%,0%,0%
2025-03-29 11:00:00,40%,23%,22%
2025-03-29 13:00:00,67%,51%,40%
2025-03-29 15:00:00,74%,59%,46%
2025-03-29 17:00:00,71%,61%,48%
2025-03-29 19:00:00,70%,47%,60%
2025-03-29 21:00:00,52%,34%,41%
2025-03-29 23:00:00,8%,0%,1%
2025-03-30 01:00:00,3%,0%,0%
2025-03-30 04:00:00,3%,0%,0%
2025-03-30 06:00:00,6%,0%,0%
2025-03-30 08:00:00,7%,0%,0%
2025-03-30 10:00:00,23%,7%,11%
2025-03-30 12:00:00,63%,40%,39%
2025-03-30 14:00:00,76%,64%,48%
2025-03-30 16:00:00,87%,68%,65%
2025-03-30 18:00:00,72%,50%,54%
2025-03-30 20:00:00,51%,28%,48%
2025-03-30 22:00:00,27%,12%,26%
2025-03-31 00:00:00,3%,0%,1%
2025-03-31 02:00:00,3%,0%,1%
2025-03-31 04:00:00,3%,0%,1%
2025-03-31 06:00:00,4%,0%,0%
2025-03-31 08:00:00,12%,0%,0%
2025-03-31 10:00:00,36%,6%,18%
2025-03-31 12:00:00,75%,33%,39%
2025-03-31 14:00:00,82%,43%,43%
2025-03-31 16:00:00,71%,47%,34%
2025-03-31 18:00:00,62%,33%,34%
2025-03-31 20:00:00,54%,33%,36%
2025-03-31 22:00:00,31%,16%,23%
2025-04-01 00:00:00,3%,0%,0%
2025-04-01 02:00:00,3%,0%,0%
2025-04-01 04:00:00,3%,0%,0%
2025-04-01 06:00:00,4%,0%,0%
2025-04-01 08:00:00,12%,0%,0%
2025-04-01 10:00:00,29%,4%,11%
2025-04-01 12:00:00,50%,22%,24%
2025-04-01 14:00:00,53%,34%,28%
2025-04-01 16:00:00,43%,39%,24%
2025-04-01 18:00:00,42%,38%,25%
2025-04-01 20:00:00,53%,44%,42%
2025-04-01 22:00:00,32%,26%,22%
2025-04-02 00:00:00,3%,0%,0%
2025-04-02 02:00:00,3%,0%,0%
2025-04-02 04:00:00,3%,0%,0%
2025-04-02 06:00:00,4%,0%,0%
2025-04-02 08:00:00,12%,0%,0%
2025-04-02 10:00:00,39%,9%,14%
2025-04-02 12:00:00,58%,23%,28%
2025-04-02 14:00:00,53%,29%,19%
2025-04-02 16:00:00,52%,33%,25%
2025-04-02 18:00:00,48%,32%,22%
2025-04-02 20:00:00,53%,31%,27%
2025-04-02 22:00:00,27%,10%,16%
2025-04-03 00:00:00,3%,0%,0%
2025-04-03 02:00:00,3%,0%,0%
2025-04-03 04:00:00,3%,0%,0%
2025-04-03 06:00:00,4%,0%,0%
2025-04-03 08:00:00,14%,0%,0%
2025-04-03 10:00:00,34%,8%,11%
2025-04-03 12:00:00,60%,24%,28%
2025-04-03 14:00:00,62%,25%,30%
2025-04-03 16:00:00,51%,30%,23%
2025-04-03 18:00:00,51%,33%,21%
2025-04-03 20:00:00,47%,28%,27%
2025-04-03 22:00:00,23%,11%,16%
2025-04-04 00:00:00,3%,0%,0%
2025-04-04 02:00:00,3%,0%,0%
2025-04-04 04:00:00,3%,0%,0%
2025-04-04 06:00:00,4%,0%,0%
2025-04-04 08:00:00,10%,0%,0%
2025-04-04 10:00:00,25%,3%,12%
2025-04-04 12:00:00,56%,17%,35%
2025-04-04 14:00:00,65%,31%,36%
2025-04-04 16:00:00,60%,37%,35%
2025-04-04 18:00:00,53%,33%,33%
2025-04-04 20:00:00,55%,32%,35%
2025-04-04 22:00:00,36%,17%,28%
2025-04-05 00:00:00,4%,0%,1%
2025-04-05 02:00:00,4%,0%,1%
2025-04-05 04:00:00,4%,0%,1%
2025-04-05 06:00:00,7%,0%,0%
2025-04-05 08:00:00,10%,0%,0%
2025-04-05 10:00:00,21%,5%,10%
2025-04-05 12:00:00,44%,30%,27%
2025-04-05 14:00:00,60%,52%,40%
2025-04-05 16:00:00,65%,61%,40%
2025-04-05 18:00:00,67%,47%,50%
2025-04-05 20:00:00,59%,32%,50%
2025-04-05 22:00:00,35%,17%,25%
2025-04-06 00:00:00,4%,0%,1%
2025-04-06 02:00:00,4%,0%,1%
2025-04-06 04:00:00,4%,0%,1%
2025-04-06 06:00:00,7%,0%,0%
2025-04-06 08:00:00,10%,0%,0%
2025-04-06 10:00:00,24%,4%,15%
2025-04-06 12:00:00,45%,20%,37%
2025-04-06 14:00:00,57%,38%,46%
2025-04-06 16:00:00,58%,42%,42%
2025-04-06 18:00:00,52%,39%,38%
2025-04-06 20:00:00,43%,30%,35%
2025-04-06 22:00:00,24%,8%,20%
2025-04-07 00:00:00,4%,0%,0%
2025-04-07 02:00:00,4%,0%,0%
2025-04-07 04:00:00,4%,0%,0%
2025-04-07 06:00:00,5%,0%,0%
2025-04-07 08:00:00,13%,0%,0%
2025-04-07 10:00:00,31%,4%,13%
2025-04-07 12:00:00,52%,21%,27%
2025-04-07 14:00:00,56%,31%,22%
2025-04-07 16:00:00,51%,33%,22%
2025-04-07 18:00:00,48%,27%,24%
2025-04-07 20:00:00,48%,27%,32%
2025-04-07 22:00:00,28%,18%,18%
2025-04-08 00:00:00,4%,0%,0%
2025-04-08 02:00:00,4%,0%,0%
2025-04-08 04:00:00,3%,0%,0%
2025-04-08 06:00:00,5%,0%,0%
2025-04-08 08:00:00,12%,0%,0%
2025-04-08 10:00:00,33%,9%,10%
2025-04-08 12:00:00,55%,24%,26%
2025-04-08 14:00:00,55%,33%,24%
2025-04-08 16:00:00,41%,33%,24%
2025-04-08 18:00:00,39%,32%,29%
2025-04-08 20:00:00,45%,40%,36%
2025-04-08 22:00:00,22%,25%,19%
2025-04-09 00:00:00,3%,0%,1%
2025-04-09 02:00:00,3%,0%,1%
2025-04-09 04:00:00,3%,0%,1%
2025-04-09 06:00:00,5%,0%,0%
2025-04-09 08:00:00,14%,0%,0%
2025-04-09 10:00:00,44%,12%,14%
2025-04-09 12:00:00,75%,36%,33%
2025-04-09 14:00:00,73%,36%,30%
2025-04-09 16:00:00,59%,31%,29%
2025-04-09 18:00:00,48%,27%,22%
2025-04-09 20:00:00,43%,28%,20%
2025-04-09 22:00:00,22%,7%,15%
2025-04-10 00:00:00,4%,0%,0%
2025-04-10 02:00:00,4%,0%,0%
2025-04-10 04:00:00,4%,0%,0%
2025-04-10 06:00:00,5%,0%,0%
2025-04-10 08:00:00,14%,0%,0%
2025-04-10 10:00:00,32%,5%,10%
2025-04-10 12:00:00,57%,20%,30%
2025-04-10 14:00:00,69%,33%,31%
2025-04-10 16:00:00,57%,36%,26%
2025-04-10 18:00:00,44%,29%,25%
2025-04-10 20:00:00,58%,33%,24%
2025-04-10 22:00:00,41%,15%,21%
2025-04-11 00:00:00,5%,0%,0%
2025-04-11 02:00:00,4%,0%,0%
2025-04-11 04:00:00,4%,0%,0%
2025-04-11 06:00:00,6%,0%,0%
2025-04-11 08:00:00,12%,0%,0%
2025-04-11 10:00:00,28%,5%,12%
2025-04-11 12:00:00,51%,20%,34%
2025-04-11 14:00:00,50%,29%,30%
2025-04-11 16:00:00,51%,38%,31%
2025-04-11 18:00:00,50%,30%,30%
2025-04-11 20:00:00,50%,28%,32%
2025-04-11 22:00:00,31%,16%,21%
2025-04-12 00:00:00,5%,0%,0%
2025-04-12 02:00:00,5%,0%,0%
2025-04-12 04:00:00,5%,0%,0%
2025-04-12 06:00:00,7%,0%,0%
2025-04-12 08:00:00,9%,0%,0%
2025-04-12 10:00:00,21%,5%,9%
2025-04-12 12:00:00,41%,21%,36%
2025-04-12 14:00:00,55%,31%,48%
2025-04-12 16:00:00,66%,37%,70%
2025-04-12 18:00:00,67%,35%,64%
2025-04-12 20:00:00,55%,31%,46%
2025-04-12 22:00:00,30%,12%,27%
2025-04-13 00:00:00,5%,0%,0%
2025-04-13 02:00:00,5%,0%,0%
2025-04-13 04:00:00,5%,0%,0%
2025-04-13 06:00:00,7%,0%,0%
2025-04-13 08:00:00,9%,0%,0%
2025-04-13 10:00:00,18%,8%,8%
2025-04-13 12:00:00,50%,31%,30%
2025-04-13 14:00:00,71%,55%,46%
2025-04-13 16:00:00,81%,59%,57%
2025-04-13 18:00:00,74%,48%,57%
2025-04-13 20:00:00,54%,34%,45%
2025-04-13 22:00:00,29%,9%,27%
2025-04-14 00:00:00,5%,0%,1%
2025-04-14 02:00:00,5%,0%,1%
2025-04-14 04:00:00,5%,0%,1%
2025-04-14 06:00:00,6%,0%,0%
2025-04-14 08:00:00,12%,0%,0%
2025-04-14 10:00:00,32%,5%,14%
2025-04-14 12:00:00,62%,23%,42%
2025-04-14 14:00:00,64%,38%,35%
2025-04-14 16:00:00,57%,36%,36%
2025-04-14 18:00:00,58%,39%,35%
2025-04-14 20:00:00,60%,40%,37%
2025-04-14 22:00:00,37%,19%,27%
2025-04-15 00:00:00,6%,0%,1%
2025-04-15 02:00:00,5%,0%,1%
2025-04-15 04:00:00,5%,0%,1%
2025-04-15 06:00:00,6%,0%,0%
2025-04-15 08:00:00,12%,0%,0%
2025-04-15 10:00:00,40%,12%,21%
2025-04-15 12:00:00,68%,32%,38%
2025-04-15 14:00:00,68%,44%,40%
2025-04-15 16:00:00,62%,48%,42%
2025-04-15 18:00:00,49%,42%,35%
2025-04-15 20:00:00,50%,50%,38%
2025-04-15 22:00:00,29%,26%,26%
2025-04-16 00:00:00,6%,0%,0%
2025-04-16 02:00:00,5%,0%,0%
2025-04-16 04:00:00,5%,0%,0%
2025-04-16 06:00:00,6%,0%,0%
2025-04-16 08:00:00,14%,0%,0%
2025-04-16 10:00:00,42%,10%,17%
2025-04-16 12:00:00,78%,29%,47%
2025-04-16 14:00:00,89%,46%,58%
2025-04-16 16:00:00,73%,49%,47%
2025-04-16 18:00:00,65%,34%,47%
2025-04-16 20:00:00,62%,28%,44%
2025-04-16 22:00:00,25%,12%,23%
2025-04-17 00:00:00,5%,0%,0%
2025-04-17 02:00:00,5%,0%,0%
2025-04-17 04:00:00,5%,0%,0%
2025-04-17 06:00:00,6%,0%,0%
2025-04-17 08:00:00,15%,0%,0%
2025-04-17 10:00:00,37%,10%,14%
2025-04-17 12:00:00,74%,28%,47%
2025-04-17 14:00:00,80%,44%,53%
2025-04-17 16:00:00,73%,47%,43%
2025-04-17 18:00:00,77%,43%,53%
2025-04-17 20:00:00,85%,52%,59%
2025-04-17 22:00:00,53%,29%,40%
2025-04-18 00:00:00,6%,0%,1%
2025-04-18 02:00:00,6%,0%,1%
2025-04-18 04:00:00,6%,0%,1%
2025-04-18 06:00:00,6%,0%,0%
2025-04-18 08:00:00,9%,0%,0%
2025-04-18 10:00:00,31%,11%,16%
2025-04-18 12:00:00,63%,36%,40%
2025-04-18 14:00:00,76%,57%,58%
2025-04-18 16:00:00,87%,70%,63%
2025-04-18 18:00:00,80%,64%,64%
2025-04-18 20:00:00,75%,51%,64%
2025-04-18 22:00:00,47%,26%,38%
2025-04-19 00:00:00,6%,0%,1%
2025-04-19 02:00:00,6%,0%,1%
2025-04-19 04:00:00,6%,0%,1%
2025-04-19 06:00:00,9%,0%,0%
2025-04-19 08:00:00,10%,0%,0%
2025-04-19 10:00:00,18%,5%,6%
2025-04-19 12:00:00,41%,26%,25%
2025-04-19 14:00:00,60%,42%,46%
2025-04-19 16:00:00,71%,54%,58%
2025-04-19 18:00:00,66%,48%,61%
2025-04-19 20:00:00,59%,41%,50%
2025-04-19 22:00:00,42%,21%,36%
2025-04-20 00:00:00,6%,0%,0%
2025-04-20 02:00:00,6%,0%,0%
2025-04-20 04:00:00,6%,0%,0%
2025-04-20 06:00:00,9%,0%,0%
2025-04-20 08:00:00,9%,0%,0%
2025-04-20 10:00:00,20%,7%,12%
2025-04-20 12:00:00,44%,30%,37%
2025-04-20 14:00:00,53%,48%,49%
2025-04-20 16:00:00,62%,60%,57%
2025-04-20 18:00:00,66%,58%,67%
2025-04-20 20:00:00,59%,49%,61%
2025-04-20 22:00:00,35%,14%,38%
2025-04-21 00:00:00,4%,0%,0%
2025-04-21 02:00:00,4%,0%,0%
2025-04-21 04:00:00,4%,0%,0%
2025-04-21 06:00:00,5%,0%,0%
2025-04-21 08:00:00,6%,0%,0%
2025-04-21 10:00:00,20%,4%,11%
2025-04-21 12:00:00,48%,25%,35%
2025-04-21 14:00:00,68%,41%,60%
2025-04-21 16:00:00,72%,53%,57%
2025-04-21 18:00:00,64%,44%,47%
2025-04-21 20:00:00,50%,30%,42%
2025-04-21 22:00:00,24%,10%,20%
2025-04-22 00:00:00,5%,0%,0%
2025-04-22 02:00:00,5%,0%,0%
2025-04-22 04:00:00,5%,0%,0%
2025-04-22 06:00:00,6%,0%,0%
2025-04-22 08:00:00,13%,0%,0%
2025-04-22 10:00:00,33%,7%,13%
2025-04-22 12:00:00,68%,28%,41%
2025-04-22 14:00:00,76%,41%,48%
2025-04-22 16:00:00,73%,53%,42%
2025-04-22 18:00:00,72%,50%,53%
2025-04-22 20:00:00,61%,45%,49%
2025-04-22 22:00:00,29%,17%,24%
2025-04-23 00:00:00,4%,0%,0%
2025-04-23 02:00:00,4%,0%,0%
2025-04-23 04:00:00,4%,0%,0%
2025-04-23 06:00:00,6%,0%,0%
2025-04-23 08:00:00,12%,0%,0%
2025-04-23 10:00:00,38%,11%,19%
2025-04-23 12:00:00,79%,32%,48%
2025-04-23 14:00:00,90%,47%,53%
2025-04-23 16:00:00,87%,41%,62%
2025-04-23 18:00:00,78%,41%,53%
2025-04-23 20:00:00,78%,43%,59%
2025-04-23 22:00:00,45%,14%,36%
2025-04-24 00:00:00,5%,0%,0%
2025-04-24 02:00:00,5%,0%,0%
2025-04-24 04:00:00,5%,0%,0%
2025-04-24 06:00:00,6%,0%,0%
2025-04-24 08:00:00,13%,0%,0%
2025-04-24 10:00:00,36%,5%,17%
2025-04-24 12:00:00,87%,42%,54%
2025-04-24 14:00:00,98%,62%,66%
2025-04-24 16:00:00,87%,59%,62%
2025-04-24 18:00:00,88%,47%,67%
2025-04-24 20:00:00,81%,43%,64%
2025-04-24 22:00:00,40%,19%,33%
2025-04-25 00:00:00,4%,0%,1%
2025-04-25 02:00:00,4%,0%,1%
2025-04-25 04:00:00,4%,0%,1%
2025-04-25 06:00:00,6%,0%,0%
2025-04-25 08:00:00,13%,0%,0%
2025-04-25 10:00:00,35%,7%,20%
2025-04-25 12:00:00,73%,35%,45%
2025-04-25 14:00:00,74%,47%,44%
2025-04-25 16:00:00,73%,55%,45%
2025-04-25 18:00:00,66%,47%,47%
2025-04-25 20:00:00,66%,48%,50%
2025-04-25 22:00:00,42%,23%,38%
2025-04-26 00:00:00,4%,0%,0%
2025-04-26 02:00:00,4%,0%,0%
2025-04-26 04:00:00,4%,0%,0%
2025-04-26 06:00:00,6%,0%,0%
2025-04-26 08:00:00,8%,0%,0%
2025-04-26 10:00:00,18%,5%,7%
2025-04-26 12:00:00,35%,22%,19%
2025-04-26 14:00:00,54%,36%,33%
2025-04-26 16:00:00,65%,41%,47%
2025-04-26 18:00:00,55%,36%,44%
2025-04-26 20:00:00,46%,30%,39%
2025-04-26 22:00:00,28%,15%,22%
2025-04-27 00:00:00,4%,0%,1%
2025-04-27 02:00:00,4%,0%,1%
2025-04-27 04:00:00,4%,0%,1%
2025-04-27 06:00:00,6%,0%,0%
2025-04-27 08:00:00,8%,0%,0%
2025-04-27 10:00:00,25%,9%,14%
2025-04-27 12:00:00,51%,26%,42%
2025-04-27 14:00:00,56%,31%,44%
2025-04-27 16:00:00,63%,38%,48%
2025-04-27 18:00:00,48%,32%,32%
2025-04-27 20:00:00,37%,20%,28%
2025-04-27 22:00:00,20%,8%,16%
2025-04-28 00:00:00,4%,0%,0%
2025-04-28 02:00:00,4%,0%,0%
2025-04-28 04:00:00,4%,0%,0%
2025-04-28 06:00:00,5%,0%,0%
2025-04-28 08:00:00,12%,0%,0%
2025-04-28 10:00:00,34%,4%,16%
2025-04-28 12:00:00,62%,20%,33%
2025-04-28 14:00:00,69%,33%,36%
2025-04-28 16:00:00,56%,35%,33%
2025-04-28 18:00:00,43%,29%,27%
2025-04-28 20:00:00,35%,24%,29%
2025-04-28 22:00:00,26%,11%,21%
2025-04-29 00:00:00,3%,0%,1%
2025-04-29 02:00:00,3%,0%,1%
2025-04-29 04:00:00,3%,0%,1%
2025-04-29 06:00:00,4%,0%,0%
2025-04-29 08:00:00,11%,0%,0%
2025-04-29 10:00:00,34%,6%,16%
2025-04-29 12:00:00,60%,24%,30%
2025-04-29 14:00:00,58%,28%,30%
2025-04-29 16:00:00,50%,32%,31%
2025-04-29 18:00:00,46%,25%,32%
2025-04-29 20:00:00,38%,26%,22%
2025-04-29 22:00:00,21%,12%,14%
2025-04-30 00:00:00,3%,0%,1%
2025-04-30 02:00:00,3%,0%,1%
2025-04-30 04:00:00,3%,0%,1%
2025-04-30 06:00:00,5%,0%,0%
2025-04-30 08:00:00,13%,0%,0%
2025-04-30 10:00:00,38%,11%,15%
2025-04-30 12:00:00,62%,27%,32%
2025-04-30 14:00:00,67%,35%,29%
2025-04-30 16:00:00,56%,30%,27%
2025-04-30 18:00:00,47%,29%,22%
2025-04-30 20:00:00,38%,21%,26%
2025-04-30 22:00:00,25%,7%,24%
2025-05-01 00:00:00,3%,0%,1%
2025-05-01 02:00:00,3%,0%,1%
2025-05-01 04:00:00,3%,0%,1%
2025-05-01 06:00:00,4%,0%,0%
2025-05-01 08:00:00,6%,0%,0%
2025-05-01 10:00:00,18%,3%,10%
2025-05-01 12:00:00,50%,17%,37%
2025-05-01 14:00:00,70%,29%,62%
2025-05-01 16:00:00,74%,31%,81%
2025-05-01 18:00:00,59%,30%,60%
2025-05-01 20:00:00,39%,15%,43%
2025-05-01 22:00:00,20%,5%,23%
2025-05-02 00:00:00,3%,0%,2%
2025-05-02 02:00:00,3%,0%,2%
2025-05-02 04:00:00,3%,0%,2%
2025-05-02 06:00:00,4%,0%,0%
2025-05-02 08:00:00,9%,0%,0%
2025-05-02 10:00:00,36%,12%,18%
2025-05-02 12:00:00,72%,42%,48%
2025-05-02 14:00:00,85%,54%,55%
2025-05-02 16:00:00,77%,57%,56%
2025-05-02 18:00:00,63%,42%,55%
2025-05-02 20:00:00,55%,28%,50%
2025-05-02 22:00:00,24%,7%,22%
2025-05-03 00:00:00,4%,0%,1%
2025-05-03 02:00:00,4%,0%,1%
2025-05-03 04:00:00,4%,0%,1%
2025-05-03 06:00:00,6%,0%,0%
2025-05-03 08:00:00,9%,0%,0%
2025-05-03 10:00:00,24%,2%,12%
2025-05-03 12:00:00,52%,23%,34%
2025-05-03 14:00:00,68%,37%,60%
2025-05-03 16:00:00,74%,49%,65%
2025-05-03 18:00:00,72%,54%,62%
2025-05-03 20:00:00,73%,47%,62%
2025-05-03 22:00:00,45%,17%,38%
2025-05-04 00:00:00,4%,0%,1%
2025-05-04 02:00:00,4%,0%,1%
2025-05-04 04:00:00,4%,0%,1%
2025-05-04 06:00:00,6%,0%,0%
2025-05-04 08:00:00,9%,0%,0%
2025-05-04 10:00:00,21%,8%,12%
2025-05-04 12:00:00,47%,22%,38%
2025-05-04 14:00:00,65%,40%,52%
2025-05-04 16:00:00,71%,59%,56%